RG_Sample_Code,Customer_Code,ID,Country_State,Species,Project_Code,i5_Barcode_Seq,i7_Barcode_Seq,Combined_Barcode_Seq,Sequence_Name,Desired_Sequence_Name,Sequencing_Cycle,Genus
OCO_184801_P007_WA01,ANSP-90568,90568,Yoro_Hon,oratrix,OCO_184801,CGACGTTA,GTGTTCTA,GTGTTCTA-CGACGTTA,combined-RAPiD-Genomics_F432_OCO_184801_P007_WA01_i5-534_i7-59_L001-4_R1_001.fastq.gz,ao_ANSP_90568,2x150,Amazona
OCO_184801_P001_WA01,BC-107,107,Belize,oratrix,OCO_184801,ACGTCCTG,ACTTGGCT,ACTTGGCT-ACGTCCTG,RAPiD-Genomics_F332_OCO_184801_P001_WA01_i5-507_i7-97_S430_L003_R1_001.fastq.gz,ao_BC_107,2x150,Amazona
OCO_184801_P001_WA02,BC-108,108,Belize,oratrix,OCO_184801,ACGTCCTG,TTACGTGC,TTACGTGC-ACGTCCTG,RAPiD-Genomics_F332_OCO_184801_P001_WA02_i5-507_i7-98_S431_L003_R1_001.fastq.gz,ao_BC_108,2x150,Amazona
OCO_184801_P001_WA03,BC-109,109,Belize,oratrix,OCO_184801,ACGTCCTG,ACGTCGTT,ACGTCGTT-ACGTCCTG,RAPiD-Genomics_F332_OCO_184801_P001_WA03_i5-507_i7-99_S432_L003_R1_001.fastq.gz,ao_BC_109,2x150,Amazona
OCO_184801_P001_WA04,BC-A112,A112,Belize,oratrix,OCO_184801,ACGTCCTG,GAACGAAG,GAACGAAG-ACGTCCTG,RAPiD-Genomics_F332_OCO_184801_P001_WA04_i5-507_i7-100_S433_L003_R1_001.fastq.gz,ao_BC_A112,2x150,Amazona
OCO_184801_P001_WA05,BC-A113,A113,Belize,oratrix,OCO_184801,ACGTCCTG,CAATCAGG,CAATCAGG-ACGTCCTG,RAPiD-Genomics_F332_OCO_184801_P001_WA05_i5-507_i7-101_S434_L003_R1_001.fastq.gz,ao_BC_A113,2x150,Amazona
OCO_184801_P001_WA06,BC-A114,A114,Belize,oratrix,OCO_184801,ACGTCCTG,CAGTGCTT,CAGTGCTT-ACGTCCTG,RAPiD-Genomics_F332_OCO_184801_P001_WA06_i5-507_i7-102_S435_L003_R1_001.fastq.gz,ao_BC_A114,2x150,Amazona
OCO_184801_P001_WA07,BC-A115,A115,Belize,oratrix,OCO_184801,ACGTCCTG,GTGTGTTC,GTGTGTTC-ACGTCCTG,RAPiD-Genomics_F332_OCO_184801_P001_WA07_i5-507_i7-103_S436_L003_R1_001.fastq.gz,ao_BC_A115,2x150,Amazona
OCO_184801_P001_WA08,BC-A116,A116,Belize,oratrix,OCO_184801,ACGTCCTG,CCAACACT,CCAACACT-ACGTCCTG,RAPiD-Genomics_F332_OCO_184801_P001_WA08_i5-507_i7-104_S437_L003_R1_001.fastq.gz,ao_BC_A116,2x150,Amazona
OCO_184801_P001_WA09,BC-A117,A117,Belize,oratrix,OCO_184801,ACGTCCTG,GAAGTGCT,GAAGTGCT-ACGTCCTG,RAPiD-Genomics_F332_OCO_184801_P001_WA09_i5-507_i7-105_S438_L003_R1_001.fastq.gz,ao_BC_A117,2x150,Amazona
OCO_184801_P001_WA10,BC-A118,A118,Belize,oratrix,OCO_184801,ACGTCCTG,GGACAGAT,GGACAGAT-ACGTCCTG,RAPiD-Genomics_F332_OCO_184801_P001_WA10_i5-507_i7-106_S439_L003_R1_001.fastq.gz,ao_BC_A118,2x150,Amazona
OCO_184801_P001_WE09,B-719,719,Socal_Parrot,oratrix,OCO_184801,ACGTCCTG,GTCAACAG,GTCAACAG-ACGTCCTG,RAPiD-Genomics_F332_OCO_184801_P001_WE09_i5-507_i7-153_S486_L003_R1_001.fastq.gz,ao_B_719,2x150,Amazona
OCO_184801_P001_WD01,B-818,818,Socal_Parrot,oratrix,OCO_184801,ACGTCCTG,TCTTCGAC,TCTTCGAC-ACGTCCTG,RAPiD-Genomics_F332_OCO_184801_P001_WD01_i5-507_i7-133_S466_L003_R1_001.fastq.gz,ao_B_818,2x150,Amazona
OCO_184801_P007_WA02,LSUMZ-23890,23890,Tabasco_MX,oratrix,OCO_184801,CGACGTTA,AGTCACTA,AGTCACTA-CGACGTTA,combined-RAPiD-Genomics_F432_OCO_184801_P007_WA02_i5-534_i7-27_L001-4_R1_001.fastq.gz,ao_LSUMZ_23890,2x150,Amazona
OCO_184801_P007_WA03,LSUMZ-33050,33050,Oaxaca_MX,oratrix,OCO_184801,CGACGTTA,ATTGGCTC,ATTGGCTC-CGACGTTA,combined-RAPiD-Genomics_F432_OCO_184801_P007_WA03_i5-534_i7-82_L001-4_R1_001.fastq.gz,ao_LSUMZ_33050,2x150,Amazona
OCO_184801_P007_WA04,LSUMZ-39731,39731,Chiapas_MX,oratrix,OCO_184801,CGACGTTA,CAGATCTG,CAGATCTG-CGACGTTA,combined-RAPiD-Genomics_F432_OCO_184801_P007_WA04_i5-534_i7-7_L001-4_R1_001.fastq.gz,ao_LSUMZ_39731,2x150,Amazona
OCO_184801_P007_WA05,LSUMZ-43831,43831,Colima_MX,oratrix,OCO_184801,CGACGTTA,CCGTGAGA,CCGTGAGA-CGACGTTA,combined-RAPiD-Genomics_F432_OCO_184801_P007_WA05_i5-534_i7-38_L001-4_R1_001.fastq.gz,ao_LSUMZ_43831,2x150,Amazona
OCO_184801_P007_WA06,LSUMZ-43832,43832,Colima_MX,oratrix,OCO_184801,CGACGTTA,ACACGACC,ACACGACC-CGACGTTA,combined-RAPiD-Genomics_F432_OCO_184801_P007_WA06_i5-534_i7-74_L001-4_R1_001.fastq.gz,ao_LSUMZ_43832,2x150,Amazona
OCO_184801_P005_WA03,B-1105,1105,Socal_Parrot,oratrix,OCO_184801,CTTCGCCT,ATTGGCTC,ATTGGCTC-CTTCGCCT,combined-RAPiD-Genomics_F432_OCO_184801_P005_WA03_i5-505_i7-82_L001-4_R1_001.fastq.gz,ao_MLZ_1105,2x150,Amazona
OCO_184801_P004_WE06,MLZ-32244,32244,Tamaulipas_MX,oratrix,OCO_184801,GACGAATG,CATACCAA,CATACCAA-GACGAATG,RAPiD-Genomics_F332_OCO_184801_P004_WE06_i5-535_i7-35_S655_L003_R1_001.fastq.gz,ao_MLZ_32244,2x150,Amazona
OCO_184801_P004_WE03,MLZ-35920,35920,Veracruz_MX,oratrix,OCO_184801,GACGAATG,CCTAATCC,CCTAATCC-GACGAATG,RAPiD-Genomics_F332_OCO_184801_P004_WE03_i5-535_i7-87_S652_L003_R1_001.fastq.gz,ao_MLZ_35920,2x150,Amazona
OCO_184801_P004_WE07,MLZ-39530,39530,Tamaulipas_MX,oratrix,OCO_184801,GACGAATG,CTGAGCCA,CTGAGCCA-GACGAATG,RAPiD-Genomics_F332_OCO_184801_P004_WE07_i5-535_i7-44_S656_L003_R1_001.fastq.gz,ao_MLZ_39530,2x150,Amazona
OCO_184801_P004_WE08,MLZ-40633,40633,Tamaulipas_MX,oratrix,OCO_184801,GACGAATG,AGTGGTCA,AGTGGTCA-GACGAATG,RAPiD-Genomics_F332_OCO_184801_P004_WE08_i5-535_i7-4_S657_L003_R1_001.fastq.gz,ao_MLZ_40633,2x150,Amazona
OCO_184801_P004_WE09,MLZ-40634,40634,Tamaulipas_MX,oratrix,OCO_184801,GACGAATG,AGAGTCAA,AGAGTCAA-GACGAATG,RAPiD-Genomics_F332_OCO_184801_P004_WE09_i5-535_i7-24_S658_L003_R1_001.fastq.gz,ao_MLZ_40634,2x150,Amazona
OCO_184801_P004_WE10,MLZ-40635,40635,Tamaulipas_MX,oratrix,OCO_184801,GACGAATG,TATCAGCA,TATCAGCA-GACGAATG,RAPiD-Genomics_F332_OCO_184801_P004_WE10_i5-535_i7-61_S659_L003_R1_001.fastq.gz,ao_MLZ_40635,2x150,Amazona
OCO_184801_P004_WE11,MLZ-41497,41497,San Luis Potosi_MX,oratrix,OCO_184801,GACGAATG,AACAACCA,AACAACCA-GACGAATG,RAPiD-Genomics_F332_OCO_184801_P004_WE11_i5-535_i7-13_S660_L003_R1_001.fastq.gz,ao_MLZ_41497,2x150,Amazona
OCO_184801_P004_WE05,MLZ-45517,45517,Oaxaca_MX,oratrix,OCO_184801,GACGAATG,GAGTTAGC,GAGTTAGC-GACGAATG,RAPiD-Genomics_F332_OCO_184801_P004_WE05_i5-535_i7-94_S654_L003_R1_001.fastq.gz,ao_MLZ_45517,2x150,Amazona
OCO_184801_P004_WE12,MLZ-48333,48333,Tamaulipas_MX,oratrix,OCO_184801,GACGAATG,AGATGTAC,AGATGTAC-GACGAATG,RAPiD-Genomics_F332_OCO_184801_P004_WE12_i5-535_i7-76_S661_L003_R1_001.fastq.gz,ao_MLZ_48333,2x150,Amazona
OCO_184801_P004_WD12,MLZ-50773,50773,Guerrero_MX,oratrix,OCO_184801,GACGAATG,CGCTGATC,CGCTGATC-GACGAATG,RAPiD-Genomics_F332_OCO_184801_P004_WD12_i5-535_i7-9_S649_L003_R1_001.fastq.gz,ao_MLZ_50773,2x150,Amazona
OCO_184801_P004_WE01,MLZ-50774,50774,Guerrero_MX,oratrix,OCO_184801,GACGAATG,GAGCTGAA,GAGCTGAA-GACGAATG,RAPiD-Genomics_F332_OCO_184801_P004_WE01_i5-535_i7-48_S650_L003_R1_001.fastq.gz,ao_MLZ_50774,2x150,Amazona
OCO_184801_P004_WE02,MLZ-50775,50775,Guerrero_MX,oratrix,OCO_184801,GACGAATG,CGACACAC,CGACACAC-GACGAATG,RAPiD-Genomics_F332_OCO_184801_P004_WE02_i5-535_i7-89_S651_L003_R1_001.fastq.gz,ao_MLZ_50775,2x150,Amazona
OCO_184801_P004_WE04,MLZ-59507,59507,Veracruz_MX,oratrix,OCO_184801,GACGAATG,ACGCTCGA,ACGCTCGA-GACGAATG,RAPiD-Genomics_F332_OCO_184801_P004_WE04_i5-535_i7-21_S653_L003_R1_001.fastq.gz,ao_MLZ_59507,2x150,Amazona
OCO_184801_P005_WA01,MLZ-70063,70063,Socal_Parrot,oratrix,OCO_184801,CTTCGCCT,GTGTTCTA,GTGTTCTA-CTTCGCCT,combined-RAPiD-Genomics_F432_OCO_184801_P005_WA01_i5-505_i7-59_L001-4_R1_001.fastq.gz,ao_MLZ_70063,2x150,Amazona
OCO_184801_P005_WA02,MLZ-70074,70074,Socal_Parrot,oratrix,OCO_184801,CTTCGCCT,AGTCACTA,AGTCACTA-CTTCGCCT,combined-RAPiD-Genomics_F432_OCO_184801_P005_WA02_i5-505_i7-27_L001-4_R1_001.fastq.gz,ao_MLZ_70074,2x150,Amazona
OCO_184801_P001_WA11,SP-1,1,Socal_Parrot,oratrix,OCO_184801,ACGTCCTG,AGCTTCAG,AGCTTCAG-ACGTCCTG,RAPiD-Genomics_F332_OCO_184801_P001_WA11_i5-507_i7-107_S440_L003_R1_001.fastq.gz,ao_SP_1,2x150,Amazona
OCO_184801_P001_WA12,SP-2,2,Socal_Parrot,oratrix,OCO_184801,ACGTCCTG,GATCCACT,GATCCACT-ACGTCCTG,RAPiD-Genomics_F332_OCO_184801_P001_WA12_i5-507_i7-108_S441_L003_R1_001.fastq.gz,ao_SP_2,2x150,Amazona
OCO_184801_P001_WB01,SP-3,3,Socal_Parrot,oratrix,OCO_184801,ACGTCCTG,ACCGAATG,ACCGAATG-ACGTCCTG,RAPiD-Genomics_F332_OCO_184801_P001_WB01_i5-507_i7-109_S442_L003_R1_001.fastq.gz,ao_SP_3,2x150,Amazona
OCO_184801_P001_WB02,SP-4,4,Socal_Parrot,oratrix,OCO_184801,ACGTCCTG,GGCAAGTT,GGCAAGTT-ACGTCCTG,RAPiD-Genomics_F332_OCO_184801_P001_WB02_i5-507_i7-110_S443_L003_R1_001.fastq.gz,ao_SP_4,2x150,Amazona
OCO_184801_P001_WB03,SP-5,5,Socal_Parrot,oratrix,OCO_184801,ACGTCCTG,GCATAACG,GCATAACG-ACGTCCTG,RAPiD-Genomics_F332_OCO_184801_P001_WB03_i5-507_i7-111_S444_L003_R1_001.fastq.gz,ao_SP_5,2x150,Amazona
OCO_184801_P001_WB04,SP-6,6,Socal_Parrot,oratrix,OCO_184801,ACGTCCTG,CATCCAAG,CATCCAAG-ACGTCCTG,RAPiD-Genomics_F332_OCO_184801_P001_WB04_i5-507_i7-112_S445_L003_R1_001.fastq.gz,ao_SP_6,2x150,Amazona
OCO_184801_P001_WB05,SP-7,7,Socal_Parrot,oratrix,OCO_184801,ACGTCCTG,CTCAGAAG,CTCAGAAG-ACGTCCTG,RAPiD-Genomics_F332_OCO_184801_P001_WB05_i5-507_i7-113_S446_L003_R1_001.fastq.gz,ao_SP_7,2x150,Amazona
OCO_184801_P001_WB06,SP-8,8,Socal_Parrot,oratrix,OCO_184801,ACGTCCTG,CTACAAGG,CTACAAGG-ACGTCCTG,RAPiD-Genomics_F332_OCO_184801_P001_WB06_i5-507_i7-114_S447_L003_R1_001.fastq.gz,ao_SP_8,2x150,Amazona
OCO_184801_P001_WB07,SP-831,831,Socal_Parrot,oratrix,OCO_184801,ACGTCCTG,CGCGTATT,CGCGTATT-ACGTCCTG,RAPiD-Genomics_F332_OCO_184801_P001_WB07_i5-507_i7-115_S448_L003_R1_001.fastq.gz,ao_SP_831,2x150,Amazona
OCO_184801_P001_WB08,SP-832,832,Socal_Parrot,oratrix,OCO_184801,ACGTCCTG,TCGAACCT,TCGAACCT-ACGTCCTG,RAPiD-Genomics_F332_OCO_184801_P001_WB08_i5-507_i7-116_S449_L003_R1_001.fastq.gz,ao_SP_832,2x150,Amazona
OCO_184801_P001_WB09,SP-833,833,Socal_Parrot,oratrix,OCO_184801,ACGTCCTG,TCATCTCC,TCATCTCC-ACGTCCTG,RAPiD-Genomics_F332_OCO_184801_P001_WB09_i5-507_i7-117_S450_L003_R1_001.fastq.gz,ao_SP_833,2x150,Amazona
OCO_184801_P001_WB10,SP-834,834,Socal_Parrot,oratrix,OCO_184801,ACGTCCTG,TGTGTCAG,TGTGTCAG-ACGTCCTG,RAPiD-Genomics_F332_OCO_184801_P001_WB10_i5-507_i7-118_S451_L003_R1_001.fastq.gz,ao_SP_834,2x150,Amazona
OCO_184801_P001_WB11,SP-835,835,Socal_Parrot,oratrix,OCO_184801,ACGTCCTG,CCTAACAG,CCTAACAG-ACGTCCTG,RAPiD-Genomics_F332_OCO_184801_P001_WB11_i5-507_i7-119_S452_L003_R1_001.fastq.gz,ao_SP_835,2x150,Amazona
OCO_184801_P001_WB12,SP-836,836,Socal_Parrot,oratrix,OCO_184801,ACGTCCTG,AACAAGGC,AACAAGGC-ACGTCCTG,RAPiD-Genomics_F332_OCO_184801_P001_WB12_i5-507_i7-120_S453_L003_R1_001.fastq.gz,ao_SP_836,2x150,Amazona
OCO_184801_P001_WC01,SP-837,837,Socal_Parrot,oratrix,OCO_184801,ACGTCCTG,AACCACTC,AACCACTC-ACGTCCTG,RAPiD-Genomics_F332_OCO_184801_P001_WC01_i5-507_i7-121_S454_L003_R1_001.fastq.gz,ao_SP_837,2x150,Amazona
OCO_184801_P001_WC02,SP-838,838,Socal_Parrot,oratrix,OCO_184801,ACGTCCTG,GTCGTTAC,GTCGTTAC-ACGTCCTG,RAPiD-Genomics_F332_OCO_184801_P001_WC02_i5-507_i7-122_S455_L003_R1_001.fastq.gz,ao_SP_838,2x150,Amazona
OCO_184801_P001_WC03,SP-839,839,Socal_Parrot,oratrix,OCO_184801,ACGTCCTG,CGAGAGAA,CGAGAGAA-ACGTCCTG,RAPiD-Genomics_F332_OCO_184801_P001_WC03_i5-507_i7-123_S456_L003_R1_001.fastq.gz,ao_SP_839,2x150,Amazona
OCO_184801_P001_WC04,SP-840,840,Socal_Parrot,oratrix,OCO_184801,ACGTCCTG,TCGTGCAT,TCGTGCAT-ACGTCCTG,RAPiD-Genomics_F332_OCO_184801_P001_WC04_i5-507_i7-124_S457_L003_R1_001.fastq.gz,ao_SP_840,2x150,Amazona
OCO_184801_P001_WC05,SP-MA,MA,Socal_Parrot,oratrix,OCO_184801,ACGTCCTG,TCCAGCAA,TCCAGCAA-ACGTCCTG,RAPiD-Genomics_F332_OCO_184801_P001_WC05_i5-507_i7-125_S458_L003_R1_001.fastq.gz,ao_SP_MA,2x150,Amazona
OCO_184801_P006_WA01,UMMZ-103984,103984,Tabasco_MX,oratrix,OCO_184801,CGACGTTA,ACTTGGCT,ACTTGGCT-CGACGTTA,combined-RAPiD-Genomics_F432_OCO_184801_P006_WA01_i5-534_i7-97_L001-4_R1_001.fastq.gz,ao_UMMZ_103984,2x150,Amazona
OCO_184801_P007_WA07,UMMZ-130517,130517,Michoacan_MX,oratrix,OCO_184801,CGACGTTA,AGCACCTC,AGCACCTC-CGACGTTA,combined-RAPiD-Genomics_F432_OCO_184801_P007_WA07_i5-534_i7-77_L001-4_R1_001.fastq.gz,ao_UMMZ_130517,2x150,Amazona
OCO_184801_P006_WA02,UMMZ-95618,95618,Nayarit_MX,oratrix,OCO_184801,CGACGTTA,TTACGTGC,TTACGTGC-CGACGTTA,combined-RAPiD-Genomics_F432_OCO_184801_P006_WA02_i5-534_i7-98_L001-4_R1_001.fastq.gz,ao_UMMZ_95618,2x150,Amazona
OCO_184801_P006_WA03,UMMZ-95619,95619,Nayarit_MX,oratrix,OCO_184801,CGACGTTA,ACGTCGTT,ACGTCGTT-CGACGTTA,combined-RAPiD-Genomics_F432_OCO_184801_P006_WA03_i5-534_i7-99_L001-4_R1_001.fastq.gz,ao_UMMZ_95619,2x150,Amazona